1002,1500
1003,1500
1005,5000
1005,1500
1016,5000
1018,1500
1019,20000
114060,7300
114200,2600
114210,2600
114234,3400
114270,3500
114300,3800
115200,3000
115210,3000
115234,3500
116000,3000
116034,3400
116135,7000
116138,7500
116139,7000
116200,3500
116201,5500
116203,5500
116208,11000
116231,5800
116233,5500
116234,4300
116238,12000
116243,8000
116244,7500
116261,5500
116263,5500
116264,4200
116300,4300
116333,7500
116334,5800
116400,4500
116400GV,5500
116400V,5000
116500,19000
116500W,19000
116503,12200
116505,22000
116506,45000
116509,17000
116515,18000
116518,13500
116518 Ceramic,18000
116519,13500
116519 Ceramic,20000
116520,13000
116520 SE,14500
116523,10000
116523SE,11000
116528,23000
116600,9500
116610,7300
116610 - Rolex Warranty,8000
116610V,12000
116613,9500
116618,20000
116619,22000
116621,9000
116622,7500
116655,15000
116660,7000
116660B,12000
116680,12500
116681,15500
116688,24000
116689,23000
116710 - With Warranty,9000
116710B - No Warranty,11500
116710B - Warranty,13000
116713,8500
116718,21500
116719,21000
116900,4500
118138,11000
118205,14500
118206,17000
118208,14500
118209,11500
118235,14500
118238,14500
118239,11500
118346,28000
118348,16000
126233,7000
126300,5000
126303,8300
126331,8700
126333,8700
126334,6500
126600,11000
126660,11000
126660Blue,12500
126710,14000
126711,13500
126715,30000
14000,2200
14010,2200
14060,5100
14060SE,5300
14203,2500
14208,4000
14233,2500
14238,4000
14270,3000
1500,1500
15000+,1500
15003,2200
1501,1500
1501,5500
15010,2000
1503,1500
1503,4500
15037,5500
15038,6000
1505,1800
15053,2200
15200,2200
15203,2300
15210,2200
15223,2300
15238,6500
1550,800
15505,1000
156987,156987
1601,1700
1601 - All Gold,4000
16013,2500
16014,2400
16018,6000
1603,1500
16030,2000
16078,5500
16200,2400
16203,3300
16220,2400
16233,3000
16234,3200
16238,7000
16248,6300
1625,4000
1625,2600
16253,3500
16258,7000
16263,3500
16264,2800
16518,12000
16519,12000
16520,19000
16523,8500
16528,20000
1655,10000
16550,4500
16570,4000
16600,5200
16610 - No Holes Case,5400
16610 - Serial Engraved,5800
16610-Holes Case,5200
16610V,9000
16613 - No Gold Clasp,6200
16613 - No Holes Case/Gold Clasp,6400
16613- Serial Engraved,7000
16618,15000
16622,5200
16623,6700
16628,13500
1665,20000
16660,5500
16700,7500
16710,7200
16710H,7000
16713,6000
16718,11000
1675,0
16750,7000
16753,5500
16758,14000
16760,7000
1680,9000
16800,4800
16803,6000
16808,14000
168622,3800
168623,4500
168628,10000
169622,2800
169623,3200
169628,8000
17000,1800
17013,2000
17014,2000
176200,2000
176210,2000
176234,2000
177200,2300
177234,2500
178240,3000
178241,5500
178243,5500
178248,12000
178271,6500
178273,6300
178274,4000
178278,13000
178313,6500
178341,7500
178343,7500
178344,6500
178383,9000
178384,8000
179136,17500
179159,10500
179160,1800
179161,4000
179163,3600
179165,18k Rose Gold Smooth Bezel 26mm Sapphire Crystal Oyster Bracelet
179168,8500
179171,4500
179173,3100
179174,2300
179175,10000
179178,9500
179179,8000
179313,5500
179383,6500
179384,6000
1803,7500
18038,8000
18039,7500
1807,7000
18078,7500
18079,7500
18206,15000
18208,10000
18238,10000
18239,9500
18248,9500
18946,20000
18948,18000
19018,6500
19019,6000
214270,3800
214270 Luminous,4500
216570,6000
218206,25000
218235,21000
218238,21000
218239,19000
228235,22500
228238,21500
228239,20000
268622,8000
268655,12500
279171,5300
279173,5200
279174,4800
279381,10000
311.92.44.51.01.003,4000
326135,19000
326138,19000
326139,19000
326933,14000
326934,15000
326934 Blue Dial,18500
326938,29000
326939,23000
3525,20000
3529,10000
4233,2000
4243,3500
4500,25000
4537,75000
50515,7500
5115,1500
5240,4000
5241,5500
5310,1500
5320,2000
5335,3000
5443,4000
5500,1800
5501,2000
5508,2000
5512,9000
5513,5000
5517,100000
5540,5000
5700,2000
6034,25000
6036,100000
6038,30000
6085,3000
6200,200000
6204,45000
6205,30000
6234,20000
6234,600
6238,20000
6239,18000
6240,25000
6241,100000
6263,85000
6265,50000
6294,600
6305,1000
6426,1000
6466,1000
6516,800
6516,800
6517,2800
6517,1000
6519,1000
6536,30000
6538,200000
6541,150000
6542,35000
6564,1500
6565,500
6580,500
6605 Gold,3000
6605 Steel,100
6605 TT,1300
6610,6000
6621,1200
6623,3000
6623,500
6671 Gold Bracelet,4800
6671 Leather,2000
6673,4800
6694,1800
67180,1400
6719,2800
67193,1500
67198,3800
67230,1700
67243,1000
68240,1700
6827,3000
68273,2000
68274,1800
68278,5000
68623,4000
68628,7500
69136,10000
69158,5200
6916 - Gold,2000
6916 - Steel,700
6916 - TT,1000
69160,1500
69163,1500
69168,3800
6917-GOLD,3000
6917-TT,1000
69173,1500
69174,1500
69178,3800
69179,3800
6919,700
69190,1700
69240,1400
6927,2800
69278,3800
69298,10000
69299,9000
69318,7500
69319,7000
69623,3000
69628,6000
69819,7500
76030,1600
76080,1600
76094,2000
76163,2400
76193,2400
76198,6000
76243,2400
77080,1800
78240,2000
78243,2800
78273,2800
78274,2500
78278,6000
79136,10000
79160,1500
79163,2300
79173,2300
79174,2100
79178,6500
79179,5000
79190,2000
79220,1500
79240,1800
79260,1300
79270,1300
79278,5000
79280,1300
80298,12000
80299,10000
80318,10000
80319,9000
Breitling,2000
Breitling 183 A4436412/BC77,3000
Omega 210.32.42.01.001,2500
Omega 215.30.40.20.01.001,2200
Omega 2298.80.00,1500
Omega 304.23.44.52.06.001,6000
PANERAI 088,3800
Panerai 112,2300
PANERAI 183,2000
Panerai 24,3000
Panerai 250,3500
Panerai 312,3000
Panerai 438,6000
Panerai 505,3000
Panerai 535,2500
PANERAI 560,2200
PANERAI 731,4000
Panerai 90,3000
