1002,"$1,500"
1003,"$1,500"
1005,"$5,000"
1005,"$1,500"
1016,"$5,000"
1018,"$1,500"
1019,"$20,000"
114060,"$7,000"
114200,"$2,600"
114210,"$2,600"
114234,"$3,400"
114270,"$3,500"
114300,"$3,800"
115200,"$3,000"
115210,"$3,000"
115234,"$3,500"
116000,"$3,000"
116034,"$3,400"
116135,"$7,000"
116138,"$7,500"
116139,"$7,000"
116200,"$3,500"
116201,"$5,500"
116203,"$5,500"
116208,"$11,000"
116231,"$5,800"
116233,"$5,500"
116234,"$4,000"
116238,"$13,500"
116243,"$8,000"
116244,"$7,500"
116261,"$5,500"
116263,"$5,500"
116264,"$4,200"
116300,"$4,300"
116333,"$7,500"
116334,"$5,800"
116400,"$4,500"
116400GV,"$5,500"
116400V,"$5,000"
116500,"$18,000"
116500W,"$18,500"
116503,"$12,000"
116505,"$22,000"
116506,"$45,000"
116509,"$17,000"
116515,"$18,000"
116518,"$13,000"
116518 Ceramic,"$18,000"
116519,"$13,000"
116519 Ceramic,"$20,000"
116520,"$12,500"
116520SE,"$13,500"
116523,"$9,500"
116523SE,"$10,500"
116528,"$22,000"
116600,"$9,500"
116610,"$7,800"
116610 - Rolex Warranty,"$8,000"
116610V,"$11,000"
116613,"$9,200"
116618,"$20,000"
116619,"$22,000"
116621,"$9,000"
116622,"$7,500"
116655,"$15,000"
116660,"$7,000"
116660B,"$12,000"
116680,"$12,000"
116681,"$15,500"
116688,"$24,000"
116689,"$23,000"
116710 - With Warranty,"$9,000"
116710B - No Warranty,"$11,500"
116710B - Warranty,"$13,000"
116713,"$8,500"
116718,"$20,000"
116719,"$21,000"
116900,"$4,000"
118138,"$11,000"
118205,"$14,500"
118206,"$17,000"
118208,"$14,500"
118209,"$11,500"
118235,"$14,500"
118238,"$14,500"
118239,"$11,500"
118346,"$28,000"
118348,"$16,000"
126233,"$7,000"
126300,"$5,000"
126303,"$8,300"
126331,"$8,700"
126333,"$8,700"
126334,"$6,500"
126600,"$12,000"
126660,"$11,000"
126660Blue,"$12,500"
126710,"$14,000"
126711,"$13,000"
126715,"$30,000"
14000,"$2,200"
14010,"$2,200"
14060,"$5,100"
14060SE,"$5,300"
14203,"$2,500"
14208,"$4,000"
14233,"$2,500"
14238,"$4,000"
14270,"$3,000"
1500,"$1,500"
15000+,"$1,500"
15003,"$2,200"
1501,"$1,500"
1501,"$5,500"
15010,"$2,000"
1503,"$1,500"
1503,"$4,500"
15037,"$5,500"
15038,"$6,000"
1505,"$1,800"
15053,"$2,200"
15200,"$2,200"
15203,"$2,300"
15210,"$2,200"
15223,"$2,300"
15238,"$6,500"
1550,$800
15505,"$1,000"
156987,156987
1601,"$1,700"
1601 - All Gold,"$4,000"
16013,"$2,500"
16014,"$2,400"
16018,"$6,000"
1603,"$1,500"
16030,"$2,000"
16078,"$5,500"
16200,"$2,500"
16203,"$3,300"
16220,"$2,400"
16233,"$3,000"
16234,"$3,200"
16238,"$7,000"
16248,"$6,300"
1625,"$4,000"
1625,"$2,600"
16253,"$3,500"
16258,"$7,000"
16263,"$3,500"
16264,"$2,800"
16518,"$12,000"
16519,"$12,000"
16520,"$16,000"
16523,"$8,500"
16528,"$20,000"
1655,"$10,000"
16550,"$4,500"
16570,"$4,000"
16600,"$5,200"
16610 - No Holes Case,"$5,400"
16610 - Serial Engraved,"$5,800"
16610-Holes Case,"$5,200"
16610V,"$9,000"
16613 - No Gold Clasp,"$6,200"
16613 - No Holes Case/Gold Clasp,"$6,400"
16613- Serial Engraved,"$7,000"
16618,"$15,000"
16622,"$5,200"
16623,"$6,700"
16628,"$13,000"
1665,"$20,000"
16660,"$5,500"
16700,"$7,000"
16710,"$7,200"
16710H,"$7,000"
16713,"$6,000"
16718,"$11,000"
1675,$0
16750,"$7,000"
16753,"$4,800"
16758,"$14,000"
16760,"$7,000"
1680,"$9,000"
16800,"$4,800"
16803,"$6,000"
16808,"$14,000"
168622,"$3,800"
168623,"$4,500"
168628,"$10,000"
169622,"$2,800"
169623,"$3,200"
169628,"$8,000"
17000,"$1,800"
17013,"$2,000"
17014,"$2,000"
176200,"$2,000"
176210,"$2,000"
176234,"$2,000"
177200,"$2,300"
177234,"$2,500"
178240,"$3,000"
178241,"$5,500"
178243,"$5,500"
178248,"$12,000"
178271,"$6,500"
178273,"$6,300"
178274,"$4,000"
178278,"$13,000"
178313,"$6,500"
178341,"$7,500"
178343,"$7,500"
178344,"$6,500"
178383,"$9,000"
178384,"$8,000"
179136,"$17,500"
179159,"$10,500"
179160,"$1,800"
179161,"$4,000"
179163,"$3,600"
179165,"18k Rose Gold, Smooth Bezel, 26mm, Sapphire Crystal, Oyster Bracelet"
179168,"$8,500"
179171,"$4,500"
179173,"$3,100"
179174,"$2,300"
179175,"$10,000"
179178,"$9,500"
179179,"$8,000"
179313,"$5,500"
179383,"$6,500"
179384,"$6,000"
1803,"$7,500"
18038,"$8,000"
18039,"$7,500"
1807,"$7,000"
18078,"$7,500"
18079,"$7,500"
18206,"$15,000"
18208,"$10,000"
18238,"$10,000"
18239,"$9,500"
18248,"$9,500"
18946,"$20,000"
18948,"$18,000"
19018,"$6,500"
19019,"$6,000"
214270,"$3,800"
214270 Luminous,"$4,500"
216570,"$6,000"
218206,"$25,000"
218235,"$21,000"
218238,"$21,000"
218239,"$19,000"
228235,"$22,500"
228238,"$21,500"
228239,"$20,000"
268622,"$6,500"
268655,"$12,500"
279171,"$5,300"
279173,"$5,200"
279174,"$4,800"
279381,"$10,000"
311.92.44.51.01.003,"$4,000"
326135,"$19,000"
326138,"$19,000"
326139,"$19,000"
326933,"$14,000"
326934,"$15,000"
326934 Blue Dial,"$18,500"
326938,"$29,000"
326939,"$23,000"
3525,"$20,000"
3529,"$10,000"
4233,"$2,000"
4243,"$3,500"
4500,"$25,000"
4537,"$75,000"
50515,"$7,500"
5115,"$1,500"
5240,"$4,000"
5241,"$5,500"
5310,"$1,500"
5320,"$2,000"
5335,"$3,000"
5443,"$4,000"
5500,"$1,800"
5501,"$2,000"
5508,"$2,000"
5512,"$9,000"
5513,"$5,000"
5517,"$100,000"
5540,"$5,000"
5700,"$2,000"
6034,"$25,000"
6036,"$100,000"
6038,"$30,000"
6085,"$3,000"
6200,"$200,000"
6204,"$45,000"
6205,"$30,000"
6234,"$20,000"
6234,$600
6238,"$20,000"
6239,"$18,000"
6240,"$25,000"
6241,"$100,000"
6263,"$85,000"
6265,"$50,000"
6294,$600
6305,"$1,000"
6426,"$1,000"
6466,"$1,000"
6516,$800
6516,$800
6517,"$2,800"
6517,"$1,000"
6519,"$1,000"
6536,"$30,000"
6538,"$200,000"
6541,"$150,000"
6542,"$35,000"
6564,"$1,500"
6565,$500
6580,$500
6605 Gold,"$3,000"
6605 Steel,$100
6605 TT,"$1,300"
6610,"$6,000"
6621,"$1,200"
6623,"$3,000"
6623,$500
6671 Gold Bracelet,"$4,800"
6671 Leather,"$2,000"
6673,"$4,800"
6694,"$1,800"
67180,"$1,400"
6719,"$2,800"
67193,"$1,500"
67198,"$3,800"
67230,"$1,700"
67243,"$1,000"
68240,"$1,700"
6827,"$3,000"
68273,"$2,000"
68274,"$1,800"
68278,"$5,000"
68623,"$4,000"
68628,"$7,500"
69136,"$10,000"
69158,"$5,200"
6916 - Gold,"$2,000"
6916 - Steel,$700
6916 - TT,"$1,000"
69160,"$1,500"
69163,"$1,500"
69168,"$3,800"
6917-GOLD,"$3,000"
6917-TT,"$1,000"
69173,"$1,500"
69174,"$1,500"
69178,"$3,800"
69179,"$3,800"
6919,$700
69190,"$1,700"
69240,"$1,400"
6927,"$2,800"
69278,"$3,800"
69298,"$10,000"
69299,"$9,000"
69318,"$7,500"
69319,"$7,000"
69623,"$3,000"
69628,"$6,000"
69819,"$7,500"
76030,"$1,600"
76080,"$1,600"
76094,"$2,000"
76163,"$2,400"
76193,"$2,400"
76198,"$6,000"
76243,"$2,400"
77080,"$1,800"
78240,"$2,000"
78243,"$2,800"
78273,"$2,800"
78274,"$2,500"
78278,"$6,000"
79136,"$10,000"
79160,"$1,500"
79163,"$2,300"
79173,"$2,300"
79174,"$2,100"
79178,"$6,500"
79179,"$5,000"
79190,"$2,000"
79220,"$1,500"
79240,"$1,800"
79260,"$1,300"
79270,"$1,300"
79278,"$5,000"
79280,"$1,300"
80298,"$12,000"
80299,"$10,000"
80318,"$10,000"
80319,"$9,000"
Breitling,"$2,000"
Breitling 183 A4436412/BC77,"$3,000"
Omega 210.32.42.01.001,"$2,500"
Omega 215.30.40.20.01.001,"$2,200"
Omega 2298.80.00,"$1,500"
Omega 304.23.44.52.06.001,"$6,000"
PANERAI 088,"$3,800"
Panerai 112,"$2,300"
PANERAI 183,"$2,000"
Panerai 24,"$3,000"
Panerai 250,"$3,500"
Panerai 312,"$3,000"
Panerai 438,"$6,000"
Panerai 505,"$3,000"
Panerai 535,"$2,500"
PANERAI 560,"$2,200"
PANERAI 731,"$4,000"
Panerai 90,"$3,000"
